{"cameraMode":{"drawMode":0,"name":"Shaded","section":"Shading Mode"},"sceneLighting":true,"audioPlay":false,"sceneViewState":{"m_AlwaysRefresh":false,"showFog":true,"showSkybox":true,"showFlares":true,"showImageEffects":true,"showParticleSystems":true,"showVisualEffectGraphs":true,"m_FxEnabled":true},"in2DMode":false,"pivot":{"x":-43.27537536621094,"y":2.1875858306884767,"z":-2.0284204483032228},"rotation":{"x":0.007470908109098673,"y":0.9598895311355591,"z":-0.2800588011741638,"w":0.03274214267730713},"size":16.070457458496095,"orthographic":false}