{"cameraMode":{"drawMode":0,"name":"Shaded","section":"Shading Mode"},"sceneLighting":true,"audioPlay":false,"sceneViewState":{"m_AlwaysRefresh":false,"showFog":true,"showSkybox":true,"showFlares":true,"showImageEffects":true,"showParticleSystems":true,"showVisualEffectGraphs":true,"m_FxEnabled":true},"in2DMode":false,"pivot":{"x":-3.1975045204162599,"y":1.267129898071289,"z":0.1957073211669922},"rotation":{"x":0.22770439088344575,"y":0.4365170896053314,"z":-0.11927346140146256,"w":0.8627731800079346},"size":14.830782890319825,"orthographic":false}