{"cameraMode":{"drawMode":0,"name":"Shaded","section":"Shading Mode"},"sceneLighting":false,"audioPlay":false,"sceneViewState":{"m_AlwaysRefresh":false,"showFog":true,"showSkybox":false,"showFlares":true,"showImageEffects":true,"showParticleSystems":true,"showVisualEffectGraphs":true,"m_FxEnabled":true},"in2DMode":false,"pivot":{"x":-0.6976955533027649,"y":0.1724892556667328,"z":-2.4693784713745119},"rotation":{"x":-0.3759917914867401,"y":0.057961661368608478,"z":-0.017247408628463746,"w":-0.9247726202011108},"size":2.5279335975646974,"orthographic":false}