{"cameraMode":{"drawMode":0,"name":"Shaded","section":"Shading Mode"},"sceneLighting":false,"audioPlay":false,"sceneViewState":{"m_AlwaysRefresh":false,"showFog":true,"showSkybox":false,"showFlares":true,"showImageEffects":true,"showParticleSystems":true,"showVisualEffectGraphs":true,"m_FxEnabled":true},"in2DMode":false,"pivot":{"x":-0.783194899559021,"y":0.16568517684936524,"z":-2.3792319297790529},"rotation":{"x":-0.48064976930618288,"y":0.01352282427251339,"z":-0.0007582397083751857,"w":-0.8769397139549255},"size":3.705962896347046,"orthographic":false}