{"cameraMode":{"drawMode":0,"name":"Shaded","section":"Shading Mode"},"sceneLighting":false,"audioPlay":false,"sceneViewState":{"m_AlwaysRefresh":false,"showFog":true,"showSkybox":false,"showFlares":true,"showImageEffects":true,"showParticleSystems":true,"showVisualEffectGraphs":true,"m_FxEnabled":true},"in2DMode":false,"pivot":{"x":0.7406914234161377,"y":0.07349085807800293,"z":-1.9955830574035645},"rotation":{"x":0.2816925346851349,"y":0.11205178499221802,"z":-0.03928583860397339,"w":0.9522411823272705},"size":2.4644100666046144,"orthographic":false}