{"cameraMode":{"drawMode":0,"name":"Shaded","section":"Shading Mode"},"sceneLighting":true,"audioPlay":false,"sceneViewState":{"m_AlwaysRefresh":false,"showFog":true,"showSkybox":true,"showFlares":true,"showImageEffects":true,"showParticleSystems":true,"showVisualEffectGraphs":true,"m_FxEnabled":true},"in2DMode":false,"pivot":{"x":172.64610290527345,"y":92.62593078613281,"z":37.19014358520508},"rotation":{"x":-0.02580704726278782,"y":-0.000902760133612901,"z":0.00002225137359346263,"w":-0.9996591210365295},"size":138.084228515625,"orthographic":false}